{
    "metadata":{
        "normals":14,
        "version":3,
        "faces":14,
        "type":"Geometry",
        "uvs":0,
        "vertices":18,
        "generator":"io_three"
    },
    "normals":[0,1,0,0,-0,-1,-0,-0,-1,-1,-0,-0,-0,0,1,-0,0,1,0,-1,0,1,0,-0,-0,1,-0,0,-1,0,1,-0,0,-1,0,-0,-0.707107,0,-0.707107,0,1,-0],
    "name":"Cube.004Geometry.2",
    "faces":[33,14,15,13,12,0,0,0,0,33,10,9,17,11,1,1,1,1,33,14,17,9,15,2,2,2,2,33,8,13,15,9,3,3,3,3,33,12,13,8,16,4,4,4,4,33,1,0,16,8,5,5,5,5,33,9,10,1,8,6,6,6,6,33,16,17,14,12,7,7,7,7,33,0,11,17,16,8,8,8,8,33,5,7,1,10,9,9,9,9,33,6,0,1,7,10,10,10,10,33,4,5,10,11,11,11,11,11,33,6,7,5,4,12,12,12,12,33,0,6,4,11,13,13,13,13],
    "uvs":[],
    "vertices":[3.54909,-2.47708,0.5,3.54909,-3.47708,0.5,2.54909,-2.47708,-0.5,2.54909,-3.47708,-0.5,2.54909,-2.47708,-3.5,2.54909,-3.47708,-3.5,3.54909,-2.47708,-4.5,3.54909,-3.47708,-4.5,-2.45091,-3.47708,0.5,-2.45091,-3.47708,-0.5,2.54909,-3.47708,-0.5,2.54909,-2.47708,-0.5,-1.45091,3.52292,0.5,-2.45091,3.52292,0.5,-1.45091,3.52292,-0.5,-2.45091,3.52292,-0.5,-1.45091,-2.47708,0.5,-1.45091,-2.47708,-0.5]
}