	{

		"metadata": {
			"formatVersion" : 3.1,
			"generatedBy"   : "Blender 2.7 Exporter",
			"vertices"      : 75,
			"faces"         : 60,
			"normals"       : 48,
			"colors"        : 0,
			"uvs"           : [],
			"materials"     : 1,
			"morphTargets"  : 0,
			"bones"         : 0
		},

			"scale" : 1.000000,
			
			"vertices" : [-0.567114,-0.224485,0.289775,-0.567114,0.345613,0.289775,-0.431206,-0.247472,0.289314,-0.430601,0.345613,0.289314,-0.341374,0.419457,0.289314,-0.263237,0.517914,0.289314,-0.567114,0.20157,0.289775,-0.430752,0.19797,0.289314,-0.567114,0.283227,0.289775,-0.430666,0.281668,0.289314,-0.567114,0.325462,0.289775,-0.430622,0.324958,0.289314,0.567114,-0.224485,0.289775,0,-0.264172,0.289314,0.567114,0.345613,0.289775,0,0.345613,0.289314,0.431206,-0.247472,0.289314,0.430601,0.345613,0.289314,0,0.419457,0.289314,0.341374,0.419457,0.289314,0,0.517914,0.289314,0.263237,0.517914,0.289314,0.567114,0.20157,0.289775,0,0.193055,0.289314,0.430752,0.19797,0.289314,0.567114,0.283227,0.289775,0,0.279539,0.289314,0.430666,0.281668,0.289314,0.567114,0.325462,0.289775,0,0.32427,0.289314,0.430622,0.324958,0.289314,-0.567114,-0.224485,-0.289775,-0.567114,0.345613,-0.289775,-0.431206,-0.247472,-0.289314,-0.430601,0.345613,-0.289314,-0.341374,0.419457,-0.289314,-0.263237,0.517914,-0.289314,-0.263237,0.517914,-2.26388e-08,-0.567114,0.345613,-1.51072e-08,-0.341374,0.419457,-1.8335e-08,-0.430601,0.345613,-1.51072e-08,-0.567114,-0.224485,9.81257e-09,-0.431206,-0.247472,1.08173e-08,-0.567114,0.20157,-0.289775,-0.430752,0.19797,-0.289314,-0.567114,0.283227,-0.289775,-0.430666,0.281668,-0.289314,-0.567114,0.325462,-0.289775,-0.430622,0.324958,-0.289314,0.567114,-0.224485,-0.289775,0,-0.264172,-0.289314,0.567114,0.345613,-0.289775,0,0.345613,-0.289314,0.431206,-0.247472,-0.289314,0.430601,0.345613,-0.289314,0,0.419457,-0.289314,0.341374,0.419457,-0.289314,0,0.517914,-0.289314,0.263237,0.517914,-0.289314,0.263237,0.517914,-2.26388e-08,0.567114,0.345613,-1.51072e-08,0.341374,0.419457,-1.8335e-08,0.430601,0.345613,-1.51072e-08,0.567114,-0.224485,9.81257e-09,0.431206,-0.247472,1.08173e-08,0,-0.264172,1.15473e-08,0.567114,0.20157,-0.289775,0,0.193055,-0.289314,0.430752,0.19797,-0.289314,0.567114,0.283227,-0.289775,0,0.279539,-0.289314,0.430666,0.281668,-0.289314,0.567114,0.325462,-0.289775,0,0.32427,-0.289314,0.430622,0.324958,-0.289314],
			"faces"    : [35,0,41,42,2,0,0,1,2,3,35,9,8,6,7,0,4,5,5,4,35,11,10,8,9,0,4,5,5,4,35,3,1,10,11,0,6,7,5,4,35,40,3,4,39,0,8,6,9,10,35,39,4,5,37,0,10,9,11,12,35,3,40,38,1,0,6,8,13,7,35,0,2,7,6,0,0,3,4,5,35,7,2,13,23,0,4,3,14,15,35,7,23,26,9,0,4,15,15,4,35,4,3,15,18,0,9,6,15,15,35,5,4,18,20,0,11,9,15,15,35,26,29,11,9,0,15,15,4,4,35,29,15,3,11,0,15,15,6,4,35,65,13,2,42,0,16,14,3,2,35,12,16,64,63,0,17,18,19,20,35,27,24,22,25,0,21,21,22,22,35,30,27,25,28,0,21,21,22,22,35,17,30,28,14,0,23,21,22,24,35,62,61,19,17,0,25,26,27,23,35,61,59,21,19,0,26,28,29,27,35,17,14,60,62,0,23,24,13,25,35,24,16,12,22,0,21,18,17,22,35,24,23,13,16,0,21,15,14,18,35,24,27,26,23,0,21,21,15,15,35,19,18,15,17,0,27,15,15,23,35,21,20,18,19,0,29,15,15,27,35,26,27,30,29,0,15,21,21,15,35,29,30,17,15,0,15,21,23,15,35,65,64,16,13,0,16,19,18,14,35,31,33,42,41,0,30,31,2,1,35,46,44,43,45,0,32,32,33,33,35,48,46,45,47,0,32,32,33,33,35,34,48,47,32,0,34,32,33,35,35,40,39,35,34,0,8,10,36,34,35,39,37,36,35,0,10,12,37,36,35,34,32,38,40,0,34,35,13,8,35,44,33,31,43,0,32,31,30,33,35,44,67,50,33,0,32,38,39,31,35,44,46,70,67,0,32,32,38,38,35,35,55,52,34,0,36,38,38,34,35,36,57,55,35,0,37,38,38,36,35,70,46,48,73,0,38,32,32,38,35,73,48,34,52,0,38,32,34,38,35,65,42,33,50,0,16,2,31,39,35,49,63,64,53,0,40,20,19,41,35,71,69,66,68,0,42,43,43,42,35,74,72,69,71,0,42,43,43,42,35,54,51,72,74,0,44,45,43,42,35,62,54,56,61,0,25,44,46,26,35,61,56,58,59,0,26,46,47,28,35,54,62,60,51,0,44,25,13,45,35,68,66,49,53,0,42,43,40,41,35,68,53,50,67,0,42,41,39,38,35,68,67,70,71,0,42,38,38,42,35,56,54,52,55,0,46,44,38,38,35,58,56,55,57,0,47,46,38,38,35,70,73,74,71,0,38,38,42,42,35,73,52,54,74,0,38,38,44,42,35,65,50,53,64,0,16,39,41,19],
			"uvs"      : [],
			"normals"  : [-0.109165,-0.660451,0.742851,-0.166753,-0.985992,0,-0.102939,-0.994659,0,-0.073214,-0.717612,0.692557,0.001679,0,0.999969,0.003357,0,0.999969,-0.205756,0.575121,0.791742,0.00238,0.70632,0.707846,-0.338816,0.940825,0,-0.487167,0.477279,0.731284,-0.714316,0.699789,0,-0.449507,0.356731,0.818934,-0.783288,0.621632,0,0,1,0,0,-0.715598,0.698477,0,0,1,0,-1,0,0.109165,-0.660451,0.742851,0.073214,-0.717612,0.692557,0.102939,-0.994659,0,0.166753,-0.985992,0,-0.001679,0,0.999969,-0.003357,0,0.999969,0.205756,0.575121,0.791742,-0.00238,0.70632,0.707846,0.338816,0.940825,0,0.714316,0.699789,0,0.487167,0.477279,0.731284,0.783288,0.621632,0,0.449507,0.356731,0.818934,-0.109165,-0.660451,-0.742851,-0.073214,-0.717612,-0.692557,0.001679,0,-0.999969,0.003357,0,-0.999969,-0.205756,0.575121,-0.791742,0.00238,0.70632,-0.707846,-0.487167,0.477279,-0.731284,-0.449507,0.356731,-0.818934,0,0,-1,0,-0.715598,-0.698477,0.109165,-0.660451,-0.742851,0.073214,-0.717612,-0.692557,-0.001679,0,-0.999969,-0.003357,0,-0.999969,0.205756,0.575121,-0.791742,-0.00238,0.70632,-0.707846,0.487167,0.477279,-0.731284,0.449507,0.356731,-0.818934],
			
			"skinIndices"  : [],
			"skinWeights"  : [],
			"morphTargets" : [],
			
			"bones"      : [],
			"animations" : [],
			
			"colors"    : [],
			"materials" : [
				{
					"DbgColor": 15658734,
					"DbgIndex": 0,
					"DbgName": "Железо",
					"blending": "NormalBlending",
					"colorAmbient": [0.0697121511356853, 0.0697121511356853, 0.0697121511356853],
					"colorDiffuse": [0.0697121511356853, 0.0697121511356853, 0.0697121511356853],
					"colorEmissive": [0.00697121521744773, 0.00697121521744773, 0.00697121521744773],
					"colorSpecular": [0.20000000298023224, 0.20000000298023224, 0.20000000298023224],
					"depthTest": true,
					"depthWrite": true,
					"shading": "Lambert",
					"specularCoef": 50,
					"transparency": 1.0,
					"transparent": false,
					"vertexColors": false
				}
			]


	}
